{
  "name": "COCRMO",
  "Fe": 0.005002501250625313,
  "C": 0.003501750875437719,
  "H": null,
  "Mg": 0.007003501750875438,
  "Ca": null,
  "Y": null,
  "Ti": 0.0005002501250625313,
  "Zr": null,
  "V": null,
  "Nb": null,
  "Ta": null,
  "Cr": 0.28514257128564285,
  "Mo": 0.06003001500750376,
  "W": 0.0010005002501250627,
  "Mn": null,
  "Ru": null,
  "Co": 0.6263131565782892,
  "Ni": 0.004002001000500251,
  "Cu": null,
  "Zn": null,
  "B": null,
  "Al": 0.0005002501250625313,
  "Si": 0.007003501750875438,
  "N": null,
  "P": null,
  "O": null,
  "S": null,
  "Ar": null,
  "Ce": null,
  "Hf": null,
  "Re": null,
  "Pd": null,
  "Pt": null,
  "Li": null,
  "Na": null,
  "K": null,
  "Be": null,
  "Sr": null,
  "Ba": null,
  "Sc": null,
  "Ga": null,
  "Ge": null,
  "Ag": null,
  "In": null,
  "Cd": null,
  "Sn": null,
  "Sb": null,
  "Te": null,
  "Se": null,
  "Pb": null,
  "Bi": null,
  "La": null,
  "Pr": null,
  "Nd": null,
  "Er": null,
  "Ir": null
}