{
  "name": "HASTELLOY_C22",
  "Fe": 0.040022012106658664,
  "C": 0.00015008254539996998,
  "H": null,
  "Mg": null,
  "Ca": null,
  "Y": null,
  "Ti": null,
  "Zr": null,
  "V": 0.003501926059332633,
  "Nb": null,
  "Ta": null,
  "Cr": 0.210115563559958,
  "Mo": 0.135074290859973,
  "W": 0.030016509079993998,
  "Mn": 0.005002751513332333,
  "Ru": null,
  "Co": 0.025013757566661667,
  "Ni": null,
  "Cu": null,
  "Zn": null,
  "B": null,
  "Al": 0.5503026664665567,
  "Si": 0.0008004402421331733,
  "N": null,
  "P": null,
  "O": null,
  "S": null,
  "Ar": null,
  "Ce": null,
  "Hf": null,
  "Re": null,
  "Pd": null,
  "Pt": null,
  "Li": null,
  "Na": null,
  "K": null,
  "Be": null,
  "Sr": null,
  "Ba": null,
  "Sc": null,
  "Ga": null,
  "Ge": null,
  "Ag": null,
  "In": null,
  "Cd": null,
  "Sn": null,
  "Sb": null,
  "Te": null,
  "Se": null,
  "Pb": null,
  "Bi": null,
  "La": null,
  "Pr": null,
  "Nd": null,
  "Er": null,
  "Ir": null
}